{
  "project_info": {
    "project_number": "132392718322",
    "firebase_url": "https://lenden-9315d.firebaseio.com",
    "project_id": "lenden-9315d",
    "storage_bucket": "lenden-9315d.appspot.com"
  },
  "client": [
    {
      "client_info": {
        "mobilesdk_app_id": "1:132392718322:android:103109bd17cab108",
        "android_client_info": {
          "package_name": "com.example.app12"
        }
      },
      "oauth_client": [
        {
          "client_id": "132392718322-apon7nc05c6s7afbs2dd0cfkkeco0n5b.apps.googleusercontent.com",
          "client_type": 1,
          "android_info": {
            "package_name": "com.example.app12",
            "certificate_hash": "08b5ea8250c4800917fa6474b5acd02b22547863"
          }
        },
        {
          "client_id": "132392718322-edmi9sbksvt32b0g0b9e9rcg2kbs34gu.apps.googleusercontent.com",
          "client_type": 3
        }
      ],
      "api_key": [
        {
          "current_key": "AIzaSyCYh9mUURmpyubsTyWD2DwqhABkhULBYSA"
        }
      ],
      "services": {
        "appinvite_service": {
          "other_platform_oauth_client": [
            {
              "client_id": "132392718322-edmi9sbksvt32b0g0b9e9rcg2kbs34gu.apps.googleusercontent.com",
              "client_type": 3
            }
          ]
        }
      }
    },
    {
      "client_info": {
        "mobilesdk_app_id": "1:132392718322:android:a84d5153b0221a18",
        "android_client_info": {
          "package_name": "com.example.digitalkhata"
        }
      },
      "oauth_client": [
        {
          "client_id": "132392718322-sar2ese4ph2nl7r0vasjj6lhtli88k40.apps.googleusercontent.com",
          "client_type": 1,
          "android_info": {
            "package_name": "com.example.digitalkhata",
            "certificate_hash": "08b5ea8250c4800917fa6474b5acd02b22547863"
          }
        },
        {
          "client_id": "132392718322-edmi9sbksvt32b0g0b9e9rcg2kbs34gu.apps.googleusercontent.com",
          "client_type": 3
        }
      ],
      "api_key": [
        {
          "current_key": "AIzaSyCYh9mUURmpyubsTyWD2DwqhABkhULBYSA"
        }
      ],
      "services": {
        "appinvite_service": {
          "other_platform_oauth_client": [
            {
              "client_id": "132392718322-edmi9sbksvt32b0g0b9e9rcg2kbs34gu.apps.googleusercontent.com",
              "client_type": 3
            }
          ]
        }
      }
    },
    {
      "client_info": {
        "mobilesdk_app_id": "1:132392718322:android:dc03c3eb79421cfe",
        "android_client_info": {
          "package_name": "com.example.khaatasaving"
        }
      },
      "oauth_client": [
        {
          "client_id": "132392718322-nsfd6bgqvt0b0ukoam4om9nli73jh0kc.apps.googleusercontent.com",
          "client_type": 1,
          "android_info": {
            "package_name": "com.example.khaatasaving",
            "certificate_hash": "08b5ea8250c4800917fa6474b5acd02b22547863"
          }
        },
        {
          "client_id": "132392718322-edmi9sbksvt32b0g0b9e9rcg2kbs34gu.apps.googleusercontent.com",
          "client_type": 3
        }
      ],
      "api_key": [
        {
          "current_key": "AIzaSyCYh9mUURmpyubsTyWD2DwqhABkhULBYSA"
        }
      ],
      "services": {
        "appinvite_service": {
          "other_platform_oauth_client": [
            {
              "client_id": "132392718322-edmi9sbksvt32b0g0b9e9rcg2kbs34gu.apps.googleusercontent.com",
              "client_type": 3
            }
          ]
        }
      }
    }
  ],
  "configuration_version": "1"
}